{
  "baseline": {
    "mean": 0.2999684691429138,
    "std": 0.004688808002015959,
    "cv": 1.5631002869778532,
    "n": 15
  },
  "feature": {
    "mean": 0.29005003372828164,
    "std": 0.01649012425036977,
    "cv": 5.685268861515695,
    "n": 15
  },
  "improvement": {
    "absolute": 0.009918435414632165,
    "relative_percent": 3.306492660035789
  },
  "statistical_tests": {
    "welch_ttest_one_tailed": {
      "t_statistic": 2.240692545307458,
      "p_value": 0.01967607293954915
    },
    "mann_whitney_u": {
      "u_statistic": 154.0,
      "p_value": 0.04450898886163162
    },
    "cohens_d": 0.8181852343323741,
    "bootstrap_ci_95": [
      0.002323531955480536,
      0.01901820391416554
    ]
  }
}